date,open,high,low,close,volume,name
01-01-2019,1284.7,1284.75,1282.85,1283.35,-,XAUUSD
02-01-2019,1349.5,1349.5,1349.5,1349.5,0.10K,XAUUSD
03-01-2019,1359.8,1359.8,1359.8,1359.8,0.01K,XAUUSD
04-01-2019,1351.8,1351.8,1351.8,1351,0.00K,XAUUSD
07-01-2019,1355.2,1355.2,1355.2,1355.2,0.01K,XAUUSD
08-01-2019,1351.1,1351.1,1351.1,1351.1,0.00K,XAUUSD
09-01-2019,1357.3,1357.3,1357.3,1357.3,0.10K,XAUUSD
10-01-2019,1353,1353,1353,1353,0.55K,XAUUSD
11-01-2019,1355.4,1355.4,1355.4,1355.4,0.05K,XAUUSD
14-01-2019,1357.2,1357.2,1357.2,1357.2,0.40K,XAUUSD
15-01-2019,1353.7,1353.7,1353.7,1353.7,0.01K,XAUUSD
16-01-2019,1359.3,1359.3,1359.3,1359.3,0.00K,XAUUSD
17-01-2019,1357.9,1357.9,1357.9,1357.9,0.03K,XAUUSD
18-01-2019,1348.1,1348.1,1348.1,1348.1,0.00K,XAUUSD
20-01-2019,1281.3,1282.7,1280.5,1282.05,-,XAUUSD
21-01-2019,1281.95,1282.95,1276.15,1279.05,-,XAUUSD
22-01-2019,1348.4,1348.4,1348.4,1348.4,0.15K,XAUUSD
23-01-2019,1349.3,1349.3,1349.3,1349.3,0.02K,XAUUSD
24-01-2019,1344.9,1344.9,1344.9,1344.9,0.05K,XAUUSD
25-01-2019,1360,1360,1360,1364,0.01K,XAUUSD
28-01-2019,1369.8,1369.8,1369.8,1369.8,0.00K,XAUUSD
29-01-2019,1375.6,1375.6,1375.6,1375.6,0.20K,XAUUSD
30-01-2019,1377.6,1377.6,1377.6,1375.9,0.06K,XAUUSD
31-01-2019,1384,1384,1384,1384,0.08K,XAUUSD
01-02-2019,1382.6,1382.6,1382.6,1381.1,0.01K,XAUUSD
04-02-2019,1378.3,1378.3,1378.3,1378.3,0.00K,XAUUSD
05-02-2019,1378.6,1378.6,1378.6,1378.6,0.04K,XAUUSD
06-02-2019,1373.8,1373.8,1373.8,1373.8,0.00K,XAUUSD
07-02-2019,1373.6,1373.6,1373.6,1373.6,0.00K,XAUUSD
08-02-2019,1377.8,1377.8,1377.8,1377.8,0.05K,XAUUSD
11-02-2019,1371.2,1371.2,1371.2,1371.2,0.03K,XAUUSD
12-02-2019,1373.2,1373.2,1373.2,1373.2,0.00K,XAUUSD
13-02-2019,1374.6,1374.6,1374.6,1374.6,0.05K,XAUUSD
14-02-2019,1373.2,1373.2,1373.2,1373.2,0.07K,XAUUSD
15-02-2019,1381.2,1381.2,1381.2,1381.2,0.03K,XAUUSD
17-02-2019,1324.65,1324.95,1323.85,1324.25,-,XAUUSD
18-02-2019,1324.35,1330.75,1324.05,1329.55,-,XAUUSD
19-02-2019,1403.9,1403.9,1403.9,1403.9,0.04K,XAUUSD
20-02-2019,1406.7,1406.7,1406.7,1406.7,0.15K,XAUUSD
21-02-2019,1388,1388,1388,1387.2,0.03K,XAUUSD
22-02-2019,1392.5,1392.5,1392.5,1392.5,0.02K,XAUUSD
25-02-2019,1389,1389,1389,1389,0.00K,XAUUSD
26-02-2019,1387.9,1387.9,1387.9,1387.9,0.00K,XAUUSD
27-02-2019,1380.5,1380.5,1380.5,1380.5,0.00K,XAUUSD
28-02-2019,1374,1374,1374,1375.3,0.01K,XAUUSD
01-03-2019,1358.3,1358.3,1358.3,1358.3,0.13K,XAUUSD
04-03-2019,1346.3,1346.3,1346.3,1346.3,0.02K,XAUUSD
05-03-2019,1343.5,1343.5,1343.5,1343.5,0.00K,XAUUSD
06-03-2019,1346.5,1346.5,1346.5,1346.5,0.00K,XAUUSD
07-03-2019,1344.9,1344.9,1344.9,1344.9,0.04K,XAUUSD
08-03-2019,1358.5,1358.5,1358.5,1358.5,0.00K,XAUUSD
11-03-2019,1350,1350,1350,1350,0.00K,XAUUSD
12-03-2019,1356.6,1356.6,1356.6,1356.6,0.08K,XAUUSD
13-03-2019,1368.1,1368.1,1368.1,1368.1,0.02K,XAUUSD
14-03-2019,1352.9,1352.9,1352.9,1352.9,0.23K,XAUUSD
15-03-2019,1360.6,1360.6,1360.6,1360.6,0.01K,XAUUSD
18-03-2019,1359.4,1359.4,1359.4,1359.4,0.01K,XAUUSD
19-03-2019,1364.7,1364.7,1364.7,1364.7,0.00K,XAUUSD
20-03-2019,1359.5,1359.5,1359.5,1359.5,0.02K,XAUUSD
21-03-2019,1364.5,1364.5,1364.5,1364.5,0.12K,XAUUSD
22-03-2019,1368.2,1368.2,1368.2,1369.3,0.03K,XAUUSD
25-03-2019,1378.1,1378.1,1378.1,1378.1,0.10K,XAUUSD
26-03-2019,1369.3,1369.3,1369.3,1369.3,0.01K,XAUUSD
27-03-2019,1363.8,1363.8,1363.8,1363.8,0.04K,XAUUSD
28-03-2019,1348,1348,1342.2,1342.4,0.01K,XAUUSD
29-03-2019,1354.1,1354.1,1354.1,1346,0.00K,XAUUSD
01-04-2019,1342.7,1342.7,1342.7,1342.7,0.03K,XAUUSD
02-04-2019,1340.8,1343.2,1340.8,1343.9,0.00K,XAUUSD
03-04-2019,1344,1344,1344,1344,0.05K,XAUUSD
04-04-2019,1343.5,1343.5,1343.5,1343.5,0.04K,XAUUSD
05-04-2019,1345.2,1345.2,1345.2,1345.2,0.05K,XAUUSD
08-04-2019,1351.9,1351.9,1351.9,1351.9,0.00K,XAUUSD
09-04-2019,1358.4,1358.4,1358.4,1358.4,0.00K,XAUUSD
10-04-2019,1363.9,1363.9,1363.9,1363.9,0.08K,XAUUSD
11-04-2019,1356.6,1356.6,1356.6,1343.4,0.00K,XAUUSD
12-04-2019,1346.3,1346.3,1346.3,1346.3,0.23K,XAUUSD
15-04-2019,1342.4,1342.4,1342.4,1342.4,0.02K,XAUUSD
16-04-2019,1329.1,1329.1,1329,1328.1,0.05K,XAUUSD
17-04-2019,1327.6,1327.6,1327.6,1327.6,0.06K,XAUUSD
18-04-2019,1326.9,1326.9,1326.9,1326.9,0.08K,XAUUSD
19-04-2019,1277.9,1277.9,1277.9,1277.9,-,XAUUSD
22-04-2019,1328.5,1328.5,1328.5,1328.5,0.00K,XAUUSD
23-04-2019,1323.8,1323.8,1323.8,1323.8,0.01K,XAUUSD
24-04-2019,1329.9,1329.9,1329.9,1329.9,0.15K,XAUUSD
25-04-2019,1330.2,1330.2,1330.2,1330.2,0.00K,XAUUSD
26-04-2019,1339.2,1339.2,1339.2,1339.2,0.38K,XAUUSD
29-04-2019,1331.6,1331.6,1331.6,1331.6,0.14K,XAUUSD
30-04-2019,1335.7,1335.7,1335.7,1335.7,0.21K,XAUUSD
01-05-2019,1334.2,1334.2,1334.2,1334.2,0.26K,XAUUSD
02-05-2019,1323,1323,1323,1322.2,0.00K,XAUUSD
03-05-2019,1331.7,1331.7,1331.7,1331.7,0.02K,XAUUSD
06-05-2019,1334,1334,1334,1334,0.01K,XAUUSD
07-05-2019,1335.8,1335.8,1335.8,1335.8,0.12K,XAUUSD
08-05-2019,1338,1338,1338,1331.4,0.05K,XAUUSD
09-05-2019,1335.1,1335.1,1335.1,1335.1,0.04K,XAUUSD
10-05-2019,1337.2,1337.2,1337.2,1337.2,0.05K,XAUUSD
13-05-2019,1350.2,1350.2,1350.2,1350.2,0.12K,XAUUSD
14-05-2019,1343.4,1343.4,1343.4,1343.4,0.20K,XAUUSD
15-05-2019,1344.5,1344.5,1344.5,1344.5,0.06K,XAUUSD
16-05-2019,1333.1,1333.1,1333.1,1333.1,0.11K,XAUUSD
17-05-2019,1322.5,1322.5,1322.5,1322.5,0.21K,XAUUSD
20-05-2019,1324.2,1324.2,1324.2,1324.2,0.08K,XAUUSD
21-05-2019,1320.1,1320.1,1320.1,1320.1,0.10K,XAUUSD
22-05-2019,1321.3,1321.3,1321.3,1321.3,0.02K,XAUUSD
23-05-2019,1328.4,1328.4,1328.4,1331.8,0.00K,XAUUSD
24-05-2019,1329.2,1329.2,1329.2,1330.1,0.00K,XAUUSD
26-05-2019,1284.2,1285.15,1283.65,1284.15,-,XAUUSD
27-05-2019,1284.25,1286.85,1283.25,1284.95,-,XAUUSD
28-05-2019,1322.6,1322.6,1322.6,1323.3,0.12K,XAUUSD
29-05-2019,1327.8,1327.8,1327.8,1326.5,0.00K,XAUUSD
30-05-2019,1332.4,1332.4,1332.4,1341.4,0.33K,XAUUSD
31-05-2019,1342.9,1347.8,1342.9,1357.5,0.22K,XAUUSD
03-06-2019,1356.5,1356.5,1356.5,1372.9,0.07K,XAUUSD
04-06-2019,1366.5,1366.5,1366.5,1373.9,0.03K,XAUUSD
05-06-2019,1376.6,1376.6,1368.8,1377.6,0.16K,XAUUSD
06-06-2019,1370,1370,1370,1385.9,0.09K,XAUUSD
07-06-2019,1388.5,1388.5,1382.4,1389.3,0.05K,XAUUSD
10-06-2019,1378,1378,1367,1374.3,0.01K,XAUUSD
11-06-2019,1369,1369,1369,1376.4,1.01K,XAUUSD
12-06-2019,1373.8,1373.8,1373.8,1381.2,0.01K,XAUUSD
13-06-2019,1378.3,1378.7,1378.3,1388.1,0.00K,XAUUSD
14-06-2019,1389.2,1389.2,1379.8,1388.9,0.04K,XAUUSD
17-06-2019,1379.7,1384.2,1379.7,1387,0.02K,XAUUSD
18-06-2019,1379.7,1394.5,1379.7,1394.8,0.18K,XAUUSD
19-06-2019,1382.1,1382.1,1382.1,1391.2,0.09K,XAUUSD
20-06-2019,1419.1,1428.7,1417.4,1436,0.41K,XAUUSD
21-06-2019,1444,1444,1419.6,1439,0.02K,XAUUSD
24-06-2019,1439.1,1449.6,1439,1457,0.01K,XAUUSD
25-06-2019,1461.3,1473.9,1448.7,1457.4,0.09K,XAUUSD
26-06-2019,1441.9,1445.4,1440.5,1453.9,0.04K,XAUUSD
27-06-2019,1444.5,1444.5,1444.5,1450.6,0.06K,XAUUSD
28-06-2019,1451,1451,1445.7,1452.9,0.06K,XAUUSD
01-07-2019,1444,1444,1424.4,1429.7,0.01K,XAUUSD
02-07-2019,1428.6,1428.6,1428.6,1448.9,0.07K,XAUUSD
03-07-2019,1465.5,1465.5,1461.9,1462.1,0.00K,XAUUSD
04-07-2019,1421.25,1426.65,1412.85,1423.55,-,XAUUSD
05-07-2019,1428,1433,1428,1442.7,0.02K,XAUUSD
08-07-2019,1436.9,1436.9,1436.9,1443.4,0.05K,XAUUSD
09-07-2019,1430.6,1430.8,1430.6,1444.4,0.02K,XAUUSD
10-07-2019,1450.5,1450.5,1450.5,1456.6,0.07K,XAUUSD
11-07-2019,1461.4,1467.2,1461.4,1451.4,0.01K,XAUUSD
12-07-2019,1450.9,1450.9,1450.9,1457,0.05K,XAUUSD
15-07-2019,1452.3,1452.3,1452.3,1458.4,0.99K,XAUUSD
16-07-2019,1453.4,1453.4,1453.4,1456.6,0.02K,XAUUSD
17-07-2019,1455,1467.3,1455,1469.3,0.02K,XAUUSD
18-07-2019,1464.4,1488.5,1459.4,1474,0.02K,XAUUSD
19-07-2019,1483.3,1487.4,1461.5,1472.3,0.02K,XAUUSD
22-07-2019,1466,1466,1466,1472.8,0.61K,XAUUSD
23-07-2019,1458.6,1459.6,1458.6,1467.6,0.25K,XAUUSD
24-07-2019,1467.2,1467.2,1467.2,1469.7,0.04K,XAUUSD
25-07-2019,1465.1,1468,1456.1,1461.2,0.81K,XAUUSD
26-07-2019,1460.4,1460.4,1460.4,1467.2,0.56K,XAUUSD
29-07-2019,1461.7,1461.7,1461.7,1468.5,1.05K,XAUUSD
30-07-2019,1469,1472.4,1469,1477.3,0.02K,XAUUSD
31-07-2019,1460.5,1469.6,1452.9,1473.3,0.13K,XAUUSD
01-08-2019,1450.8,1485.6,1443.3,1468.5,0.15K,XAUUSD
02-08-2019,1476.2,1476.2,1476.2,1492.3,0.08K,XAUUSD
05-08-2019,1487.4,1505,1487.4,1509.6,0.07K,XAUUSD
06-08-2019,1507.2,1511.1,1498.6,1516.7,0.14K,XAUUSD
07-08-2019,1510.6,1547.7,1510.6,1551.6,0.11K,XAUUSD
08-08-2019,1533,1542.1,1532.6,1542,0.06K,XAUUSD
09-08-2019,1542.8,1543.8,1535,1541.5,0.09K,XAUUSD
12-08-2019,1536,1550.1,1526.4,1550,0.16K,XAUUSD
13-08-2019,1556.2,1571.7,1523.1,1547.7,0.07K,XAUUSD
14-08-2019,1538.5,1553.1,1532.6,1561,0.24K,XAUUSD
15-08-2019,1553,1561.2,1546,1563.7,0.29K,XAUUSD
16-08-2019,1557.4,1557.7,1541.3,1556.2,0.16K,XAUUSD
19-08-2019,1543.9,1543.9,1531,1544,0.35K,XAUUSD
20-08-2019,1530.2,1540.7,1530.2,1548,0.17K,XAUUSD
21-08-2019,1532.7,1540.6,1532.7,1548.2,0.56K,XAUUSD
22-08-2019,1534.3,1538.8,1530.5,1541.1,0.25K,XAUUSD
23-08-2019,1539,1563.5,1537.3,1570.2,0.26K,XAUUSD
26-08-2019,1584.5,1584.5,1563.2,1569.8,0.07K,XAUUSD
27-08-2019,1566.2,1579.3,1564.6,1584.5,0.17K,XAUUSD
28-08-2019,1572.3,1578,1571.6,1581.2,0.24K,XAUUSD
29-08-2019,1571.9,1578.8,1562,1569.9,0.25K,XAUUSD
30-08-2019,1564.1,1566.9,1555,1563.1,0.45K,XAUUSD
01-09-2019,1535.25,1542.9,1535.25,1538.05,-,XAUUSD
02-09-2019,1537.95,1540.05,1528.15,1535.15,-,XAUUSD
03-09-2019,1562.8,1583.9,1561.2,1589.1,0.24K,XAUUSD
04-09-2019,1582.7,1590.7,1572,1593.3,0.03K,XAUUSD
05-09-2019,1579.5,1584.1,1544.9,1558.8,0.10K,XAUUSD
06-09-2019,1551,1559.9,1539.2,1549.2,0.06K,XAUUSD
09-09-2019,1540.1,1546.6,1534.1,1545.5,0.24K,XAUUSD
10-09-2019,1531.9,1532.6,1524.9,1534,0.16K,XAUUSD
11-09-2019,1528.8,1534.4,1528.8,1538.3,0.04K,XAUUSD
12-09-2019,1530.4,1558.6,1530.4,1544.1,0.41K,XAUUSD
13-09-2019,1543.4,1543.4,1525.6,1537.3,0.18K,XAUUSD
16-09-2019,1542.6,1546.5,1536.4,1549.1,0.69K,XAUUSD
17-09-2019,1538.8,1542.3,1538.8,1550.9,0.01K,XAUUSD
18-09-2019,1538.9,1549,1530.4,1552.9,0.50K,XAUUSD
19-09-2019,1528.8,1540.4,1528.8,1543.2,0.16K,XAUUSD
20-09-2019,1537.8,1553.5,1537.8,1552.6,0.10K,XAUUSD
23-09-2019,1556.6,1562.5,1556.6,1568.9,0.02K,XAUUSD
24-09-2019,1560.1,1573,1554.9,1577.4,0.51K,XAUUSD
25-09-2019,1572,1572,1539.1,1549.3,0.25K,XAUUSD
26-09-2019,1538.9,1547,1538,1552.3,0.25K,XAUUSD
27-09-2019,1538.3,1538.3,1525.7,1548.3,0.17K,XAUUSD
30-09-2019,1533,1533,1500.1,1514.5,0.51K,XAUUSD
01-10-2019,1502.6,1520,1499,1530.2,0.00K,XAUUSD
02-10-2019,1512.8,1536.3,1509.9,1549,0.00K,XAUUSD
03-10-2019,1536.8,1551.8,1535.2,1552.5,0.00K,XAUUSD
04-10-2019,1541.3,1541.3,1530.2,1551.9,0.07K,XAUUSD
07-10-2019,1538.9,1538.9,1522.2,1543.7,0.16K,XAUUSD
08-10-2019,1524.2,1540,1522.6,1543.1,0.43K,XAUUSD
09-10-2019,1539.7,1543,1535,1552.3,0.43K,XAUUSD
10-10-2019,1548,1548,1526,1540.9,0.13K,XAUUSD
11-10-2019,1533.7,1534.6,1508,1529.8,1.04K,XAUUSD
14-10-2019,1529,1530,1524.4,1539.1,0.03K,XAUUSD
15-10-2019,1522.9,1524.5,1513,1525.1,0.23K,XAUUSD
16-10-2019,1515.5,1522.2,1510,1535.4,0.20K,XAUUSD
17-10-2019,1519.9,1527.6,1519.9,1539.8,0.21K,XAUUSD
18-10-2019,1526.1,1526.1,1519.5,1535,0.16K,XAUUSD
21-10-2019,1524.9,1524.9,1515,1529.3,0.11K,XAUUSD
22-10-2019,1517.3,1519,1515,1528.8,0.01K,XAUUSD
23-10-2019,1522,1526.1,1522,1537.1,0.03K,XAUUSD
24-10-2019,1524.3,1534.7,1522,1546.2,0.28K,XAUUSD
25-10-2019,1548.8,1556.7,1548.8,1547.7,0.00K,XAUUSD
28-10-2019,1552,1552,1552,1538.7,0.00K,XAUUSD
29-10-2019,1524.2,1524.2,1515.5,1533.5,0.22K,XAUUSD
30-10-2019,1520.8,1526.5,1513.2,1539.4,1.90K,XAUUSD
31-10-2019,1527,1545,1527,1556.9,0.17K,XAUUSD
01-11-2019,1542.1,1545,1538,1554.4,0.20K,XAUUSD
04-11-2019,1544.8,1544.8,1541,1554.8,0.83K,XAUUSD
05-11-2019,1522.8,1522.8,1522.8,1528,0.00K,XAUUSD
06-11-2019,1534.7,1534.7,1534.7,1537.4,0.00K,XAUUSD
07-11-2019,1510,1510,1510,1511.7,0.00K,XAUUSD
08-11-2019,1500.5,1503,1488.8,1510.4,0.35K,XAUUSD
11-11-2019,1494,1494,1480.1,1502.3,0.73K,XAUUSD
12-11-2019,1487.8,1488.5,1480,1498.6,0.93K,XAUUSD
13-11-2019,1489.9,1498.1,1489.9,1508.5,0.74K,XAUUSD
14-11-2019,1495.1,1504.7,1494.8,1518.5,0.84K,XAUUSD
15-11-2019,1496.3,1499.9,1495.9,1513.6,0.07K,XAUUSD
18-11-2019,1498.4,1502.8,1488.8,1516.9,0.82K,XAUUSD
19-11-2019,1511.5,1511.5,1511.5,1519.2,0.00K,XAUUSD
20-11-2019,1505.5,1509.2,1498,1518.1,0.69K,XAUUSD
21-11-2019,1505.5,1505.7,1494,1507.6,0.49K,XAUUSD
22-11-2019,1497.7,1502.3,1492,1508,0.70K,XAUUSD
25-11-2019,1490.9,1492,1485.2,1501.8,0.94K,XAUUSD
26-11-2019,1484.3,1492,1481,1504.7,0.31K,XAUUSD
27-11-2019,1489.2,1490.2,1483.9,1498.5,0.22K,XAUUSD
28-11-2019,1463.25,1464.55,1460.75,1462.25,-,XAUUSD
29-11-2019,1488,1495.4,1484.2,1510.7,0.19K,XAUUSD
02-12-2019,1494,1495.3,1485,1507.3,0.17K,XAUUSD
03-12-2019,1491.1,1510.3,1491.1,1522.8,0.45K,XAUUSD
04-12-2019,1515.9,1515.9,1515.9,1518.7,0.00K,XAUUSD
05-12-2019,1513.8,1513.8,1513.8,1521.7,0.00K,XAUUSD
06-12-2019,1509.6,1509.6,1497.2,1504.2,0.01K,XAUUSD
09-12-2019,1493.2,1493.2,1489.4,1505.6,0.30K,XAUUSD
10-12-2019,1490.6,1496,1489.7,1508.9,0.14K,XAUUSD
11-12-2019,1500,1507,1497.5,1515.8,0.14K,XAUUSD
12-12-2019,1511.2,1514,1494.1,1513.6,0.17K,XAUUSD
13-12-2019,1493,1507.9,1493,1523,0.47K,XAUUSD
16-12-2019,1505.4,1509.4,1503.9,1523.2,0.42K,XAUUSD
17-12-2019,1505.8,1510,1505,1523.5,0.21K,XAUUSD
18-12-2019,1506.4,1508.5,1501.7,1521,1.56K,XAUUSD
19-12-2019,1505.4,1510.4,1503.5,1526.6,0.57K,XAUUSD
20-12-2019,1515.8,1515.8,1515.8,1523.1,0.00K,XAUUSD
23-12-2019,1510.7,1514.9,1510.7,1531.2,0.39K,XAUUSD
24-12-2019,1518.6,1530.1,1518.6,1547.3,0.45K,XAUUSD
25-12-2019,1504.4,1504.4,1502.15,1504.05,-,XAUUSD
26-12-2019,1544.2,1544.2,1544.2,1557.1,0.00K,XAUUSD
27-12-2019,1540.7,1545,1540,1561.2,0.29K,XAUUSD
30-12-2019,1543.9,1545.5,1540.1,1562.3,0.46K,XAUUSD
31-12-2019,1546.7,1555,1546.4,1567.6,0.67K,XAUUSD
01-01-2020,1520.85,1523.95,1520.85,1520.95,-,XAUUSD
02-01-2020,1548.7,1559.5,1548.2,1572.1,1.25K,XAUUSD
03-01-2020,1591,1592.1,1588.6,1596.4,0.41K,XAUUSD
06-01-2020,1608.2,1612.4,1600.3,1613.3,0.01K,XAUUSD
07-01-2020,1602.6,1602.6,1602.6,1618.7,0.07K,XAUUSD
08-01-2020,1612.6,1638.4,1612.6,1603.8,0.02K,XAUUSD
09-01-2020,1583,1587.5,1570.2,1597.8,1.43K,XAUUSD
10-01-2020,1577.6,1589.6,1574.1,1603.3,0.11K,XAUUSD
13-01-2020,1586.8,1586.8,1574.9,1593.7,2.70K,XAUUSD
14-01-2020,1573.2,1573.9,1563.4,1587.5,1.76K,XAUUSD
15-01-2020,1587.8,1587.8,1587.8,1596.6,0.00K,XAUUSD
16-01-2020,1580.4,1583.4,1575,1593,0.03K,XAUUSD
17-01-2020,1578.6,1588,1577.1,1603.4,1.54K,XAUUSD
19-01-2020,1557.4,1559.05,1556.45,1557.05,-,XAUUSD
20-01-2020,1557.2,1562.7,1556.65,1561.25,-,XAUUSD
21-01-2020,1595,1595,1595,1601,0.00K,XAUUSD
22-01-2020,1583.1,1585.5,1577.6,1599.7,0.07K,XAUUSD
23-01-2020,1585,1593.5,1580.1,1608.3,1.75K,XAUUSD
24-01-2020,1595,1609.5,1595,1615.4,0.05K,XAUUSD
27-01-2020,1616.8,1617.8,1616.8,1620.8,0.00K,XAUUSD
28-01-2020,1606.7,1607.1,1593.4,1613.2,10.91K,XAUUSD
29-01-2020,1594.5,1603.6,1589.3,1614.5,0.03K,XAUUSD
30-01-2020,1601.6,1612,1599,1627.3,0.03K,XAUUSD
31-01-2020,1599.7,1615.3,1597.7,1626.1,0.00K,XAUUSD
03-02-2020,1606,1606,1606,1621,0.00K,XAUUSD
04-02-2020,1602.3,1602.3,1576,1595,0.03K,XAUUSD
05-02-2020,1579.4,1587,1573,1602.2,2.05K,XAUUSD
06-02-2020,1580.7,1592.4,1579.3,1609.5,0.07K,XAUUSD
07-02-2020,1591,1598.3,1588.4,1612.8,0.00K,XAUUSD
10-02-2020,1606.7,1606.7,1606.7,1618.2,0.00K,XAUUSD
11-02-2020,1606.7,1606.9,1606.7,1608.8,0.00K,XAUUSD
12-02-2020,1590.8,1593.9,1587.5,1609.8,2.05K,XAUUSD
13-02-2020,1607.9,1608.1,1607.9,1617,0.00K,XAUUSD
14-02-2020,1601,1608.4,1597.3,1624.1,0.03K,XAUUSD
16-02-2020,1585.5,1586.25,1583.45,1586.25,-,XAUUSD
17-02-2020,1586.15,1588.45,1581.85,1587.05,-,XAUUSD
18-02-2020,1617.3,1634.8,1617.3,1641.1,0.07K,XAUUSD
19-02-2020,1639.8,1641.4,1636.2,1649.5,0.04K,XAUUSD
20-02-2020,1641.4,1651.9,1641.4,1658,0.12K,XAUUSD
21-02-2020,1672.3,1678.1,1672.3,1686.3,0.08K,XAUUSD
24-02-2020,1707.4,1707.4,1707.4,1713.5,0.02K,XAUUSD
25-02-2020,1681,1683.6,1681,1686.4,0.54K,XAUUSD
26-02-2020,1677.6,1677.6,1677.6,1678.2,0.02K,XAUUSD
27-02-2020,1679,1684.4,1670,1676.4,0.01K,XAUUSD
28-02-2020,1595.2,1617.8,1595.2,1596.6,0.56K,XAUUSD
02-03-2020,1602.5,1624.3,1600.2,1620.6,0.25K,XAUUSD
03-03-2020,1606.5,1663.8,1606.5,1670,0.06K,XAUUSD
04-03-2020,1664.2,1664.5,1664.2,1666.9,0.22K,XAUUSD
05-03-2020,1655.7,1671,1655.2,1690.5,0.18K,XAUUSD
06-03-2020,1696,1703.6,1686.3,1691.6,0.07K,XAUUSD
09-03-2020,1709.9,1710.1,1672.9,1691.5,0.13K,XAUUSD
10-03-2020,1675.9,1675.9,1662.1,1676.6,0.19K,XAUUSD
11-03-2020,1670,1670,1653.1,1658.3,0.03K,XAUUSD
12-03-2020,1654.3,1654.3,1581.5,1606.5,0.01K,XAUUSD
13-03-2020,1591,1591,1529.3,1532.2,0.10K,XAUUSD
16-03-2020,1485,1503,1485,1500,0.01K,XAUUSD
17-03-2020,1504.5,1561.5,1476.3,1541.1,0.01K,XAUUSD
18-03-2020,1520.6,1520.6,1502.3,1494.6,0.32K,XAUUSD
19-03-2020,1496.6,1508,1476.9,1497.2,0.01K,XAUUSD
20-03-2020,1515.8,1515.8,1515.8,1501.4,0.01K,XAUUSD
23-03-2020,1514.6,1572.8,1502.6,1588.3,0.01K,XAUUSD
24-03-2020,1594.6,1653.5,1594.6,1669.2,0.03K,XAUUSD
25-03-2020,1650.9,1656.6,1650.5,1639,0.06K,XAUUSD
26-03-2020,1674.3,1674.3,1659.4,1668.3,0.01K,XAUUSD
27-03-2020,1647.1,1647.1,1647.1,1661,0.27K,XAUUSD
30-03-2020,1646.9,1646.9,1646.9,1653.3,0.10K,XAUUSD
31-03-2020,1625.3,1625.3,1625.3,1606.7,0.06K,XAUUSD
01-04-2020,1594.4,1594.4,1594.4,1601.6,0.18K,XAUUSD
02-04-2020,1636.4,1636.4,1636.4,1646.7,0.29K,XAUUSD
03-04-2020,1639,1651.5,1625.3,1654.1,0.14K,XAUUSD
06-04-2020,1685.3,1688.6,1685.3,1700,0.00K,XAUUSD
07-04-2020,1688.8,1688.8,1688.8,1689.4,0.02K,XAUUSD
08-04-2020,1690.1,1690.1,1690.1,1689.3,0.02K,XAUUSD
09-04-2020,1747.5,1747.5,1747.5,1758.7,0.00K,XAUUSD
10-04-2020,1740.6,1740.6,1740.6,1740.6,-,XAUUSD
13-04-2020,1732.5,1758,1732.5,1767.9,0.03K,XAUUSD
14-04-2020,1779.1,1779.1,1776.5,1776.8,0.01K,XAUUSD
15-04-2020,1760.7,1762.7,1736.4,1751.5,0.00K,XAUUSD
16-04-2020,1766.5,1766.5,1766.5,1742.7,0.00K,XAUUSD
17-04-2020,1717.8,1717.8,1717.8,1708.9,0.02K,XAUUSD
20-04-2020,1715.6,1715.6,1715.6,1721.3,0.00K,XAUUSD
21-04-2020,1722.2,1722.2,1679.6,1698.2,0.08K,XAUUSD
22-04-2020,1709.5,1709.5,1709.5,1749.8,0.01K,XAUUSD
23-04-2020,1753.1,1762.2,1753.1,1757.8,0.00K,XAUUSD
24-04-2020,1759,1759,1745,1748.9,0.00K,XAUUSD
27-04-2020,1746.7,1753,1726.8,1738.8,0.13K,XAUUSD
28-04-2020,1731.8,1740,1712.7,1738.7,3.06K,XAUUSD
29-04-2020,1727.6,1744.1,1727.6,1730.3,0.01K,XAUUSD
30-04-2020,1706.4,1706.4,1706.4,1713.2,0.05K,XAUUSD
01-05-2020,1720.1,1720.1,1720.1,1721.1,0.01K,XAUUSD
04-05-2020,1729.1,1729.1,1725.7,1741,0.03K,XAUUSD
05-05-2020,1725.8,1739.1,1725.8,1743.8,0.40K,XAUUSD
06-05-2020,1728.4,1728.4,1713,1721.7,0.01K,XAUUSD
07-05-2020,1718.9,1722.8,1718.5,1761.1,0.05K,XAUUSD
08-05-2020,1747.8,1747.8,1747.8,1750.3,0.00K,XAUUSD
11-05-2020,1727.7,1734.2,1714.2,1734.4,0.05K,XAUUSD
12-05-2020,1733.2,1734.5,1731.9,1741.7,0.01K,XAUUSD
13-05-2020,1729.1,1750.3,1729.1,1750.3,0.01K,XAUUSD
14-05-2020,1747.1,1747.1,1747.1,1774.4,0.00K,XAUUSD
15-05-2020,1776.2,1781.5,1776.2,1790.4,0.45K,XAUUSD
18-05-2020,1795.4,1795.4,1795.4,1772.6,0.14K,XAUUSD
19-05-2020,1784.2,1784.2,1784.2,1785.1,0.00K,XAUUSD
20-05-2020,1784,1791.2,1784,1792.1,0.08K,XAUUSD
21-05-2020,1780.1,1780.1,1753.6,1760.5,0.15K,XAUUSD
22-05-2020,1773.5,1773.5,1771.9,1774.9,0.47K,XAUUSD
24-05-2020,1735.45,1735.9,1729.8,1730.65,-,XAUUSD
25-05-2020,1730.55,1731.35,1719.25,1727,-,XAUUSD
26-05-2020,1762.9,1764,1762.9,1748.8,0.08K,XAUUSD
27-05-2020,1725,1727.4,1722.5,1749.8,0.01K,XAUUSD
28-05-2020,1748.8,1757.3,1748.8,1753.3,0.18K,XAUUSD
29-05-2020,1748.2,1771.5,1748.2,1776.8,0.11K,XAUUSD
01-06-2020,1775.5,1775.5,1772.8,1777.1,0.06K,XAUUSD
02-06-2020,1774.5,1775.3,1774.5,1763.3,0.11K,XAUUSD
03-06-2020,1760,1760,1727.5,1736.2,0.45K,XAUUSD
04-06-2020,1747.6,1752,1747.6,1763,0.16K,XAUUSD
05-06-2020,1741.7,1741.7,1704.6,1720,0.11K,XAUUSD
08-06-2020,1739.4,1739.4,1739.4,1742.5,0.05K,XAUUSD
09-06-2020,1755.2,1757.6,1755.2,1758.9,0.54K,XAUUSD
10-06-2020,1760.9,1760.9,1753.3,1757.4,0.00K,XAUUSD
11-06-2020,1784.1,1786.4,1762.3,1775,0.81K,XAUUSD
12-06-2020,1780.4,1780.5,1780.4,1771.8,0.56K,XAUUSD
15-06-2020,1770.3,1770.3,1760,1762.3,0.02K,XAUUSD
16-06-2020,1770,1770,1770,1772.1,0.20K,XAUUSD
17-06-2020,1768.2,1768.2,1768.2,1771.3,0.02K,XAUUSD
18-06-2020,1775,1775,1762.3,1765.6,0.08K,XAUUSD
19-06-2020,1767,1786.9,1761.8,1785.8,0.52K,XAUUSD
22-06-2020,1787,1798.4,1783.1,1798.2,0.07K,XAUUSD
23-06-2020,1803,1803,1803,1813.1,0.26K,XAUUSD
24-06-2020,1806.5,1806.5,1806.5,1808.6,0.30K,XAUUSD
25-06-2020,1800,1800,1800,1804.4,0.05K,XAUUSD
26-06-2020,1798.2,1814,1798,1814.4,0.10K,XAUUSD
29-06-2020,1816.5,1816.5,1811.2,1816,0.09K,XAUUSD
30-06-2020,1816.9,1835,1813.9,1836.5,0.04K,XAUUSD
01-07-2020,1830,1838,1830,1818,0.45K,XAUUSD
02-07-2020,1799,1821.3,1798.8,1828.3,0.17K,XAUUSD
03-07-2020,1786.9,1788.7,1783.65,1787.6,-,XAUUSD
06-07-2020,1825.8,1828.6,1825.8,1834.7,1.74K,XAUUSD
07-07-2020,1833.9,1853.6,1833.9,1856.2,0.30K,XAUUSD
08-07-2020,1851.8,1867.6,1851.8,1876.8,0.25K,XAUUSD
09-07-2020,1871.9,1871.9,1871.9,1860.1,0.12K,XAUUSD
10-07-2020,1853.7,1853.7,1851.3,1858.1,0.12K,XAUUSD
13-07-2020,1857.3,1858.3,1857.3,1871.4,0.10K,XAUUSD
14-07-2020,1850,1863.9,1850,1869.5,0.06K,XAUUSD
15-07-2020,1862.3,1863.1,1854.3,1869.4,0.10K,XAUUSD
16-07-2020,1856,1856,1856,1854.1,0.03K,XAUUSD
17-07-2020,1840.6,1851,1840.1,1861,0.01K,XAUUSD
20-07-2020,1862,1862.4,1862,1867.6,0.03K,XAUUSD
21-07-2020,1867.6,1891.3,1867,1898.9,0.14K,XAUUSD
22-07-2020,1909.5,1924.2,1906.4,1926.6,0.13K,XAUUSD
23-07-2020,1923.3,1945,1923.3,1955.2,0.57K,XAUUSD
24-07-2020,1941.8,1961,1941,1965.7,0.31K,XAUUSD
27-07-2020,1964.8,1999.9,1964.8,1997.4,0.18K,XAUUSD
28-07-2020,2008.1,2028.1,1967.2,2005.7,0.16K,XAUUSD
29-07-2020,2001,2025,2001,2017,0.00K,XAUUSD
30-07-2020,2016,2016,1988.9,2006.7,0.03K,XAUUSD
31-07-2020,2005.2,2035,2005.2,2026.9,0.27K,XAUUSD
03-08-2020,2026.9,2040,2015.4,2027.9,0.42K,XAUUSD
04-08-2020,2024.6,2068.4,2018.7,2062.9,0.39K,XAUUSD
05-08-2020,2098.5,2098.5,2090.5,2093.3,0.00K,XAUUSD
06-08-2020,2086.7,2115,2085.9,2115.2,0.00K,XAUUSD
07-08-2020,2121.7,2121.7,2121.7,2073,0.00K,XAUUSD
10-08-2020,2068.7,2080,2065,2084.2,0.09K,XAUUSD
11-08-2020,2063.7,2063.7,1994.3,1987.5,0.01K,XAUUSD
12-08-2020,1964,1964,1964,1987.9,0.00K,XAUUSD
13-08-2020,1996.1,2001.5,1979.6,2009.7,0.01K,XAUUSD
14-08-2020,2000,2000,1992,1987.8,0.01K,XAUUSD
17-08-2020,1981.7,2012.3,1971.6,2032.6,0.11K,XAUUSD
18-08-2020,2024.4,2041.1,2023.2,2047.7,0.08K,XAUUSD
19-08-2020,2005.5,2005.5,2000.6,2003.6,0.00K,XAUUSD
20-08-2020,1968.2,1971.2,1968.2,1980.2,0.00K,XAUUSD
21-08-2020,1982.3,1982.3,1959.9,1980.6,0.12K,XAUUSD
24-08-2020,1962.5,1979.4,1955.9,1973.3,0.11K,XAUUSD
25-08-2020,1958.3,1958.4,1958.3,1956.1,0.00K,XAUUSD
26-08-2020,1992,1992,1992,1985.3,0.00K,XAUUSD
27-08-2020,1961,1961,1961,1963.6,0.00K,XAUUSD
28-08-2020,1990,1990,1990,2001.3,0.00K,XAUUSD
31-08-2020,1991.1,2002.3,1991.1,2009.5,0.00K,XAUUSD
01-09-2020,2018.6,2018.6,1995,2009.3,0.24K,XAUUSD
02-09-2020,1988.3,1990.9,1959.9,1974.3,0.00K,XAUUSD
03-09-2020,1962,1969,1962,1965.4,0.00K,XAUUSD
04-09-2020,1956.6,1959.5,1951.9,1961.6,0.17K,XAUUSD
06-09-2020,1941.9,1944.3,1937.65,1940.65,-,XAUUSD
07-09-2020,1940.7,1947.4,1930.45,1937.1,-,XAUUSD
08-09-2020,1957.5,1965.9,1938.8,1970.3,0.88K,XAUUSD
09-09-2020,1952.9,1973.6,1946.4,1981.4,0.01K,XAUUSD
10-09-2020,1971.1,1991.4,1969.4,1992.1,0.21K,XAUUSD
11-09-2020,1980,1980,1980,1976.5,0.00K,XAUUSD
14-09-2020,1974.1,1987.8,1972.8,1993.1,0.12K,XAUUSD
15-09-2020,1986.1,1997.5,1981,1995.6,0.04K,XAUUSD
16-09-2020,1989.1,1997.9,1985,1999.9,0.11K,XAUUSD
17-09-2020,1970.8,1974.4,1965.3,1978.2,0.13K,XAUUSD
18-09-2020,1974.2,1982,1973.6,1990.5,0.08K,XAUUSD
21-09-2020,1945.5,1945.5,1945.5,1938.6,0.00K,XAUUSD
22-09-2020,1937.9,1940.5,1925.5,1936.1,0.09K,XAUUSD
23-09-2020,1919.4,1919.4,1919.4,1895.3,0.01K,XAUUSD
24-09-2020,1879.9,1892.6,1874.7,1903.1,0.26K,XAUUSD
25-09-2020,1885.1,1885.1,1880,1892.9,0.06K,XAUUSD
28-09-2020,1883.7,1905.5,1872,1909.2,0.35K,XAUUSD
29-09-2020,1907.4,1921.2,1907.4,1930.2,0.05K,XAUUSD
30-09-2020,1925.1,1925.1,1925.1,1922.7,0.00K,XAUUSD
01-10-2020,1927.6,1935.5,1921.2,1943.2,0.18K,XAUUSD
02-10-2020,1929.6,1933.7,1921.3,1934.4,0.12K,XAUUSD
05-10-2020,1937,1937,1937,1947,0.11K,XAUUSD
06-10-2020,1937.2,1942.2,1900.5,1936.3,0.10K,XAUUSD
07-10-2020,1918.1,1918.1,1918.1,1919.5,0.01K,XAUUSD
08-10-2020,1902.8,1916.2,1899,1925.5,0.00K,XAUUSD
09-10-2020,1930.5,1956.2,1929.5,1956,0.01K,XAUUSD
12-10-2020,1953.5,1957.7,1948.7,1958.7,0.01K,XAUUSD
13-10-2020,1939.9,1939.9,1939.9,1924.5,0.01K,XAUUSD
14-10-2020,1929.4,1929.4,1926.7,1938,0.25K,XAUUSD
15-10-2020,1923.2,1923.2,1919.2,1938.8,0.00K,XAUUSD
16-10-2020,1934.4,1934.4,1927.5,1936.4,0.06K,XAUUSD
19-10-2020,1941.9,1941.9,1941.9,1941.2,0.12K,XAUUSD
20-10-2020,1922.9,1936.6,1921.9,1944.5,0.11K,XAUUSD
21-10-2020,1925.1,1948.6,1925.1,1958.5,0.16K,XAUUSD
22-10-2020,1940.5,1940.5,1907.6,1934.1,0.18K,XAUUSD
23-10-2020,1926.3,1926.4,1924.6,1935.1,0.04K,XAUUSD
26-10-2020,1919,1926.1,1919,1936,0.06K,XAUUSD
27-10-2020,1921.4,1933.5,1921.4,1942,0.06K,XAUUSD
28-10-2020,1909.7,1909.7,1909.7,1908.9,0.00K,XAUUSD
29-10-2020,1907.6,1907.6,1907.6,1896.9,0.01K,XAUUSD
30-10-2020,1900.5,1900.5,1900.5,1908.3,0.00K,XAUUSD
02-11-2020,1920.9,1920.9,1920.9,1921.1,0.00K,XAUUSD
03-11-2020,1912.6,1928,1912.6,1938.6,0.22K,XAUUSD
04-11-2020,1936.7,1936.7,1936.7,1925.1,0.00K,XAUUSD
05-11-2020,1948.4,1968.3,1948.4,1976.4,0.00K,XAUUSD
06-11-2020,1975.1,1975.1,1975.1,1982.2,0.00K,XAUUSD
09-11-2020,1896.8,1896.8,1896.8,1884,0.02K,XAUUSD
10-11-2020,1900.1,1900.1,1900.1,1906.5,0.00K,XAUUSD
11-11-2020,1886.5,1886.5,1886.5,1890.2,0.01K,XAUUSD
12-11-2020,1897.5,1897.5,1897.5,1902.8,0.00K,XAUUSD
13-11-2020,1894.9,1913.9,1894.9,1915.9,0.13K,XAUUSD
16-11-2020,1903.1,1904.7,1903,1914.8,0.08K,XAUUSD
17-11-2020,1906.2,1906.2,1903.5,1910.9,0.11K,XAUUSD
18-11-2020,1894.5,1894.5,1894.5,1897.1,0.06K,XAUUSD
19-11-2020,1873.3,1877.5,1870,1885.3,0.17K,XAUUSD
20-11-2020,1889.7,1893.8,1889.7,1896.3,0.00K,XAUUSD
23-11-2020,1885.2,1889.6,1846.5,1862.7,0.00K,XAUUSD
24-11-2020,1826.6,1828,1826.6,1829,0.01K,XAUUSD
25-11-2020,1835.9,1835.9,1825,1827.5,0.11K,XAUUSD
26-11-2020,1806.25,1816.8,1804.2,1807,-,XAUUSD
27-11-2020,1836.7,1836.8,1836.7,1804.8,0.03K,XAUUSD
30-11-2020,1795.1,1795.1,1788,1797.2,0.04K,XAUUSD
01-12-2020,1826.8,1826.8,1826.8,1834.6,0.06K,XAUUSD
02-12-2020,1844.3,1844.3,1836.9,1844.6,0.06K,XAUUSD
03-12-2020,1859.6,1862.3,1858.8,1855.1,0.01K,XAUUSD
04-12-2020,1850,1860.4,1842.8,1855.6,0.07K,XAUUSD
07-12-2020,1856.9,1873.2,1850,1881.3,0.18K,XAUUSD
08-12-2020,1877,1886.6,1874.5,1889.8,0.20K,XAUUSD
09-12-2020,1883.1,1883.1,1844,1853.1,0.11K,XAUUSD
10-12-2020,1866.3,1866.3,1866.3,1852.5,0.01K,XAUUSD
11-12-2020,1848.9,1859.5,1836.6,1858.7,0.05K,XAUUSD
14-12-2020,1848.3,1849.1,1830,1847.9,0.04K,XAUUSD
15-12-2020,1850.2,1865.7,1850.2,1870.9,0.50K,XAUUSD
16-12-2020,1871.2,1876,1864.9,1873.7,0.00K,XAUUSD
17-12-2020,1907.8,1907.9,1904.6,1904.9,0.18K,XAUUSD
18-12-2020,1893.6,1903.7,1892.1,1903.9,0.06K,XAUUSD
21-12-2020,1906.7,1906.7,1906.7,1898.3,0.08K,XAUUSD
22-12-2020,1891.1,1892,1875.6,1886.5,0.07K,XAUUSD
23-12-2020,1881.5,1892.3,1872.6,1894.2,0.14K,XAUUSD
24-12-2020,1888.9,1897,1886.9,1900,0.08K,XAUUSD
28-12-2020,1900.8,1912,1885.8,1898,0.15K,XAUUSD
29-12-2020,1893.2,1900.3,1890.5,1900.8,0.30K,XAUUSD
30-12-2020,1913.9,1913.9,1913.9,1911.8,0.12K,XAUUSD
31-12-2020,1910,1915.2,1902.9,1914,0.25K,XAUUSD
01-01-2021,1901.6,1901.6,1901.6,1901.6,-,XAUUSD
04-01-2021,1934.7,1967.8,1934.7,1966.7,0.34K,XAUUSD
05-01-2021,1965.3,1975.5,1965.3,1974.9,1.41K,XAUUSD
06-01-2021,1975.9,1979.9,1926.5,1929.1,1.13K,XAUUSD
07-01-2021,1944.2,1946.7,1932.5,1932.8,1.32K,XAUUSD
08-01-2021,1935.8,1935.8,1850,1854.2,1.11K,XAUUSD
11-01-2021,1848.1,1867.8,1848.1,1869.6,0.83K,XAUUSD
12-01-2021,1862.2,1866,1858.2,1862.4,0.25K,XAUUSD
13-01-2021,1875.1,1875.1,1871.2,1872.7,0.25K,XAUUSD
14-01-2021,1856.6,1870.2,1856.6,1869.2,0.15K,XAUUSD
15-01-2021,1840,1842,1839.6,1846.4,0.12K,XAUUSD
17-01-2021,1826.8,1829.1,1803.6,1809.75,-,XAUUSD
18-01-2021,1809.65,1839.45,1809.65,1836.6,-,XAUUSD
19-01-2021,1838.8,1858.8,1825.5,1855,0.09K,XAUUSD
20-01-2021,1880.3,1880.3,1880.3,1880.5,0.01K,XAUUSD
21-01-2021,1876.5,1879.4,1875.7,1879.5,0.06K,XAUUSD
22-01-2021,1852.9,1869.7,1852.9,1870.2,0.04K,XAUUSD
25-01-2021,1879.2,1879.2,1877.8,1869.6,0.01K,XAUUSD
26-01-2021,1868.6,1868.6,1857,1865.6,0.01K,XAUUSD
27-01-2021,1858.8,1860.8,1848.8,1859.5,0.02K,XAUUSD
28-01-2021,1848.8,1873.8,1848.8,1851.3,0.01K,XAUUSD
29-01-2021,1856.7,1886.1,1856.7,1859.5,0.07K,XAUUSD
01-02-2021,1870,1875.9,1870,1871.5,0.26K,XAUUSD
02-02-2021,1851.8,1851.8,1841.8,1843.1,0.40K,XAUUSD
03-02-2021,1845.5,1847.3,1845.5,1845.7,0.15K,XAUUSD
04-02-2021,1835.8,1835.8,1797.3,1801.8,0.17K,XAUUSD
05-02-2021,1813,1823.8,1813,1823.9,0.11K,XAUUSD
08-02-2021,1830.8,1847.4,1830.8,1843.3,0.41K,XAUUSD
09-02-2021,1852.6,1857.6,1847,1847.2,0.05K,XAUUSD
10-02-2021,1862,1862.8,1852.2,1852.4,0.03K,XAUUSD
11-02-2021,1833.5,1835.5,1833.5,1836.6,0.03K,XAUUSD
12-02-2021,1828.8,1830.7,1828.8,1832.5,0.28K,XAUUSD
14-02-2021,1822.45,1826.3,1820.15,1821.05,-,XAUUSD
15-02-2021,1820.9,1827,1815.6,1818.75,-,XAUUSD
16-02-2021,1819.8,1819.8,1808.2,1808.5,0.02K,XAUUSD
17-02-2021,1801,1801.3,1780,1782.1,0.06K,XAUUSD
18-02-2021,1790.6,1790.6,1781.7,1783.9,0.14K,XAUUSD
19-02-2021,1775,1795.5,1775,1786.2,0.17K,XAUUSD
22-02-2021,1797,1819,1797,1817.1,0.02K,XAUUSD
23-02-2021,1815.8,1815.8,1803.8,1814.6,0.02K,XAUUSD
24-02-2021,1819.7,1819.7,1798.8,1807.1,0.01K,XAUUSD
25-02-2021,1809,1809,1785.5,1786.3,0.40K,XAUUSD
26-02-2021,1769,1769,1730,1740.9,0.38K,XAUUSD
01-03-2021,1759.5,1759.5,1759.5,1734.6,0.25K,XAUUSD
02-03-2021,1732.7,1745.4,1732.7,1745.3,0.24K,XAUUSD
03-03-2021,1739,1739,1718.5,1727.6,0.35K,XAUUSD
04-03-2021,1723.5,1724.8,1704,1712.7,0.43K,XAUUSD
05-03-2021,1698.6,1715.1,1698.6,1711.2,0.24K,XAUUSD
08-03-2021,1718.5,1718.5,1687.2,1689.8,0.25K,XAUUSD
09-03-2021,1691.3,1728.1,1691.3,1728.2,0.52K,XAUUSD
10-03-2021,1726.6,1728,1723.7,1732.2,0.40K,XAUUSD
11-03-2021,1745.7,1745.7,1729.1,1732.9,0.38K,XAUUSD
12-03-2021,1729.6,1735.8,1722,1729.3,0.16K,XAUUSD
15-03-2021,1737.5,1738.3,1733.6,1738.9,0.23K,XAUUSD
16-03-2021,1735.7,1741.8,1735.7,1740.5,0.16K,XAUUSD
17-03-2021,1737.8,1750.4,1737,1736.2,0.32K,XAUUSD
18-03-2021,1758.6,1758.6,1736.5,1742.1,0.41K,XAUUSD
19-03-2021,1752.4,1752.4,1742.1,1751,0.11K,XAUUSD
22-03-2021,1746.5,1746.5,1736.8,1747.8,0.10K,XAUUSD
23-03-2021,1738,1738,1734.3,1734.9,0.01K,XAUUSD
24-03-2021,1742.4,1742.4,1742.2,1742.6,0.04K,XAUUSD
25-03-2021,1743.3,1753.8,1734.1,1734.5,0.19K,XAUUSD
26-03-2021,1732.5,1740.5,1728.1,1741.6,0.11K,XAUUSD
29-03-2021,1736.8,1739,1715.8,1721.6,0.19K,XAUUSD
30-03-2021,1711,1711,1688.8,1692.8,0.20K,XAUUSD
31-03-2021,1691.2,1721.2,1686.1,1722.4,0.04K,XAUUSD
01-04-2021,1717.9,1735.4,1717.9,1735.2,0.12K,XAUUSD
05-04-2021,1732,1736.5,1732,1736.1,0.19K,XAUUSD
06-04-2021,1742.8,1750.6,1742.8,1750.2,0.12K,XAUUSD
07-04-2021,1749,1749,1748.9,1748.8,0.07K,XAUUSD
08-04-2021,1760,1760,1758.4,1765.9,0.33K,XAUUSD
09-04-2021,1748.7,1754.7,1748.7,1752.5,0.10K,XAUUSD
12-04-2021,1740.3,1740.3,1740.3,1740.5,0.07K,XAUUSD
13-04-2021,1733.1,1754.6,1733.1,1755.3,0.05K,XAUUSD
14-04-2021,1752.1,1752.1,1743.6,1744.1,0.25K,XAUUSD
15-04-2021,1760,1776.9,1760,1774.7,0.12K,XAUUSD
16-04-2021,1770.5,1790.2,1768.3,1788.1,0.11K,XAUUSD
19-04-2021,1795.9,1795.9,1779,1778.7,0.12K,XAUUSD
20-04-2021,1778.4,1786.8,1775,1786.5,0.01K,XAUUSD
21-04-2021,1789.2,1804.5,1789.2,1801.2,0.03K,XAUUSD
22-04-2021,1794.8,1794.8,1788.3,1790.1,0.04K,XAUUSD
23-04-2021,1791.9,1802.9,1785.4,1785.6,0.20K,XAUUSD
26-04-2021,1788.4,1789.9,1788.1,1788,0.05K,XAUUSD
27-04-2021,1789,1789,1785.8,1786.8,0.01K,XAUUSD
28-04-2021,1780,1787.8,1776.7,1781.8,0.04K,XAUUSD
29-04-2021,1795.4,1795.4,1767,1776,0.16K,XAUUSD
30-04-2021,1775.6,1779.2,1773.7,1775.7,0.21K,XAUUSD
03-05-2021,1784.6,1798.8,1784.6,1799.5,0.19K,XAUUSD
04-05-2021,1791.5,1802.4,1783.8,1784,0.21K,XAUUSD
05-05-2021,1785.7,1790.1,1785.7,1792.2,0.23K,XAUUSD
06-05-2021,1802.7,1823.7,1801.7,1823.4,0.88K,XAUUSD
07-05-2021,1825.4,1847.6,1825.4,1839.2,0.66K,XAUUSD
10-05-2021,1840.4,1849.6,1840.4,1845.5,1.72K,XAUUSD
11-05-2021,1847.3,1847.3,1827,1843.8,0.77K,XAUUSD
12-05-2021,1842.4,1842.7,1822,1830.5,1.81K,XAUUSD
13-05-2021,1824,1835.3,1818,1831.9,0.89K,XAUUSD
14-05-2021,1846.2,1851.6,1845.9,1846.1,0.19K,XAUUSD
17-05-2021,1853.2,1875.7,1853.1,1875.2,0.70K,XAUUSD
18-05-2021,1875.6,1882.6,1875.6,1875.7,0.24K,XAUUSD
19-05-2021,1875.1,1892.6,1871,1889.1,0.49K,XAUUSD
20-05-2021,1883.8,1889.8,1875.7,1889.5,0.12K,XAUUSD
21-05-2021,1884.3,1891.3,1881.8,1884.5,0.39K,XAUUSD
24-05-2021,1889,1893.1,1888.8,1892.4,1.27K,XAUUSD
25-05-2021,1887.2,1906,1887.2,1905.9,0.09K,XAUUSD
26-05-2021,1915.3,1916.4,1908.8,1909.3,0.95K,XAUUSD
27-05-2021,1907,1909.6,1897.7,1904.4,0.41K,XAUUSD
28-05-2021,1902,1914,1893.6,1911,0.64K,XAUUSD
30-05-2021,1907.6,1907.9,1906.1,1906.75,-,XAUUSD
31-05-2021,1906.8,1913.4,1904.85,1911.15,-,XAUUSD
01-06-2021,1915,1922.8,1900.9,1910.9,0.71K,XAUUSD
02-06-2021,1904.3,1916.1,1903.8,1915.8,0.60K,XAUUSD
03-06-2021,1912.3,1912.3,1873.9,1879.1,0.68K,XAUUSD
04-06-2021,1874.4,1902.6,1861.8,1897.7,0.54K,XAUUSD
07-06-2021,1890.9,1908.2,1890.9,1904.6,0.68K,XAUUSD
08-06-2021,1904.5,1910,1895.2,1900.3,0.90K,XAUUSD
09-06-2021,1900.7,1903,1896.9,1901.4,0.15K,XAUUSD
10-06-2021,1894.8,1907.6,1880.6,1902.2,4.54K,XAUUSD
11-06-2021,1910.2,1910.5,1883,1885.5,0.65K,XAUUSD
14-06-2021,1882.7,1882.7,1852,1871.8,0.54K,XAUUSD
15-06-2021,1871.5,1876.1,1859,1862.2,0.26K,XAUUSD
16-06-2021,1863.7,1868.5,1814.1,1867.2,0.92K,XAUUSD
17-06-2021,1818.7,1830.1,1774,1780.5,0.93K,XAUUSD
18-06-2021,1786.1,1800.8,1768.8,1774.8,0.70K,XAUUSD
21-06-2021,1770,1792,1770,1788.8,0.28K,XAUUSD
22-06-2021,1791.3,1793.8,1777.2,1783.4,0.54K,XAUUSD
23-06-2021,1787.4,1801,1780.4,1789.6,0.29K,XAUUSD
24-06-2021,1784.8,1794,1778.9,1782.8,0.26K,XAUUSD
25-06-2021,1783,1797,1782.6,1784,0.52K,XAUUSD
28-06-2021,1788.2,1791.2,1780.2,1786.9,0.48K,XAUUSD
29-06-2021,1781,1782.6,1757.6,1769.5,0.89K,XAUUSD
30-06-2021,1770,1779.2,1759.5,1777.7,0.48K,XAUUSD
01-07-2021,1776,1789,1775,1782.7,0.42K,XAUUSD
02-07-2021,1783,1800.9,1781,1789.3,0.51K,XAUUSD
04-07-2021,1788,1788,1785.8,1786.4,-,XAUUSD
05-07-2021,1786.5,1794.65,1784.75,1791.3,-,XAUUSD
06-07-2021,1793.7,1821.2,1793.4,1800.2,0.98K,XAUUSD
07-07-2021,1805.3,1815.3,1803.6,1808,1.38K,XAUUSD
08-07-2021,1809.9,1824.4,1799.6,1806.2,3.54K,XAUUSD
09-07-2021,1809,1818.7,1803,1816.7,4.97K,XAUUSD
12-07-2021,1814.6,1814.7,1797.2,1811.9,2.97K,XAUUSD
13-07-2021,1814.3,1821,1808.3,1815.9,3.44K,XAUUSD
14-07-2021,1813.2,1835.2,1811.6,1831,4.39K,XAUUSD
15-07-2021,1834.1,1840.3,1826.8,1835,1.39K,XAUUSD
16-07-2021,1837.6,1837.6,1815.6,1821.1,2.61K,XAUUSD
19-07-2021,1818.2,1821.8,1801.3,1815,2.07K,XAUUSD
20-07-2021,1819.4,1830.7,1811.4,1817,1.33K,XAUUSD
21-07-2021,1814.5,1817.5,1800,1809.1,1.56K,XAUUSD
22-07-2021,1806.7,1813.4,1798.2,1811,0.83K,XAUUSD
23-07-2021,1812.8,1813.3,1795.2,1807.5,2.34K,XAUUSD
26-07-2021,1808,1816.1,1802.3,1805.1,1.41K,XAUUSD
27-07-2021,1802.9,1810.3,1799.1,1805.7,2.30K,XAUUSD
28-07-2021,1810.3,1815.6,1798,1806.5,6.00K,XAUUSD
29-07-2021,1813.5,1838.7,1813.5,1837.7,4.34K,XAUUSD
30-07-2021,1834.7,1836.1,1817.1,1819.1,1.08K,XAUUSD
02-08-2021,1818.6,1825.1,1811.3,1824.2,1.28K,XAUUSD
03-08-2021,1817.9,1819.2,1811.8,1816.1,1.46K,XAUUSD
04-08-2021,1820.4,1837.4,1811.1,1816.4,1.57K,XAUUSD
05-08-2021,1816.6,1818.9,1802.1,1810.9,0.83K,XAUUSD
06-08-2021,1806.8,1806.8,1762,1765.1,3.61K,XAUUSD
09-08-2021,1766,1766.4,1680,1728.6,3.69K,XAUUSD
10-08-2021,1734,1740.4,1720.7,1733.7,3.72K,XAUUSD
11-08-2021,1732.3,1757.8,1728,1755.4,3.17K,XAUUSD
12-08-2021,1754.6,1760.5,1745.3,1753.8,2.63K,XAUUSD
13-08-2021,1759.8,1783.5,1758.5,1780.3,0.97K,XAUUSD
16-08-2021,1782.4,1793,1775.2,1791.9,0.68K,XAUUSD
17-08-2021,1791,1799,1785,1789.8,1.72K,XAUUSD
18-08-2021,1790.4,1797.5,1784.1,1786.4,1.23K,XAUUSD
19-08-2021,1791.5,1796.3,1776.6,1785.1,2.50K,XAUUSD
20-08-2021,1784.2,1792.3,1782,1786,0.70K,XAUUSD
23-08-2021,1783.8,1810.3,1780.2,1808.3,1.26K,XAUUSD
24-08-2021,1809.5,1814,1805.3,1810.5,0.59K,XAUUSD
25-08-2021,1805.9,1805.9,1787,1793,0.44K,XAUUSD
26-08-2021,1795.2,1802.1,1783.4,1797.2,0.97K,XAUUSD
27-08-2021,1796.7,1823.7,1788.7,1821.5,0.88K,XAUUSD
30-08-2021,1822.9,1828,1812.6,1814.2,0.41K,XAUUSD
31-08-2021,1814.4,1821.8,1806.6,1820.1,0.79K,XAUUSD
01-09-2021,1818.6,1824.3,1813.8,1818,2.59K,XAUUSD
02-09-2021,1818.4,1821,1809.5,1813.4,2.29K,XAUUSD
03-09-2021,1813.5,1838.7,1813.5,1835.7,3.62K,XAUUSD
05-09-2021,1832.2,1832.5,1829.65,1830.05,-,XAUUSD
06-09-2021,1829.95,1830.65,1823.65,1825.65,-,XAUUSD
07-09-2021,1834,1834,1796,1800.6,3.45K,XAUUSD
08-09-2021,1798.9,1805.5,1785.6,1795.7,2.03K,XAUUSD
09-09-2021,1793.6,1804.8,1787.8,1802.1,5.86K,XAUUSD
10-09-2021,1797.9,1807.7,1790.4,1794.2,2.89K,XAUUSD
13-09-2021,1791.3,1802.1,1786.8,1796.5,3.76K,XAUUSD
14-09-2021,1796.4,1812.7,1783,1809.2,1.75K,XAUUSD
15-09-2021,1808.3,1809.6,1794.1,1796.9,0.93K,XAUUSD
16-09-2021,1798.1,1798.6,1747.5,1758.7,1.68K,XAUUSD
17-09-2021,1756.8,1769.1,1750,1753.4,2.61K,XAUUSD
20-09-2021,1755.6,1770,1745.6,1765.9,3.38K,XAUUSD
21-09-2021,1767.8,1784.6,1761.3,1780.3,2.22K,XAUUSD
22-09-2021,1777.1,1789.7,1767.2,1781,2.85K,XAUUSD
23-09-2021,1771.4,1778.6,1740,1751.8,2.14K,XAUUSD
24-09-2021,1746,1759.9,1743,1753.8,1.77K,XAUUSD
27-09-2021,1754.2,1762.6,1748,1754,1.82K,XAUUSD
28-09-2021,1752.8,1755.6,1729.9,1739.5,2.58K,XAUUSD
29-09-2021,1736,1747.6,1723.7,1724.9,2.05K,XAUUSD
30-09-2021,1728.1,1766.3,1724.5,1758.5,15.87K,XAUUSD
01-10-2021,1759.1,1766.4,1751.6,1760.1,5.81K,XAUUSD
04-10-2021,1762.4,1772.6,1749.7,1769.4,2.67K,XAUUSD
05-10-2021,1772.9,1772.9,1751.1,1762.8,4.83K,XAUUSD
06-10-2021,1762.4,1767.4,1747.9,1763.7,3.61K,XAUUSD
07-10-2021,1765.7,1769.3,1754.5,1761.1,5.37K,XAUUSD
08-10-2021,1756.4,1783.2,1755.6,1759.4,7.54K,XAUUSD
11-10-2021,1760.3,1762.3,1752.1,1757.7,4.27K,XAUUSD
12-10-2021,1755.7,1771.7,1753.8,1761.2,4.82K,XAUUSD
13-10-2021,1761.9,1798.4,1760,1796.7,5.67K,XAUUSD
14-10-2021,1795.7,1803.6,1789.9,1799.8,4.07K,XAUUSD
15-10-2021,1799.4,1799.4,1767,1770.2,3.80K,XAUUSD
18-10-2021,1769.5,1773.6,1762.8,1767.6,1.57K,XAUUSD
19-10-2021,1766.8,1787.7,1765.6,1772.4,1.56K,XAUUSD
20-10-2021,1771.5,1791.1,1771.1,1786.8,4.21K,XAUUSD
21-10-2021,1784.5,1791.6,1780,1783.8,1.02K,XAUUSD
22-10-2021,1786.8,1817.5,1785.6,1798.3,12.85K,XAUUSD
25-10-2021,1796.4,1813.3,1795.3,1808.8,6.08K,XAUUSD
26-10-2021,1810.8,1811.2,1784.9,1795.4,3.37K,XAUUSD
27-10-2021,1796.5,1802.7,1786.7,1800.8,2.79K,XAUUSD
28-10-2021,1799.9,1814.6,1795.2,1804.7,12.55K,XAUUSD
29-10-2021,1803.3,1804.2,1774.6,1785.9,9.21K,XAUUSD
01-11-2021,1786.8,1799.5,1782.9,1797.9,11.68K,XAUUSD
02-11-2021,1796.7,1799.4,1789.7,1791.5,7.90K,XAUUSD
03-11-2021,1791,1791,1761,1766,6.75K,XAUUSD
04-11-2021,1773,1802.2,1773,1795.6,8.08K,XAUUSD
05-11-2021,1794.8,1822.2,1787.6,1819,48.24K,XAUUSD
08-11-2021,1822.2,1830.4,1815.9,1830.2,39.67K,XAUUSD
09-11-2021,1828.4,1836.9,1823.2,1832.9,54.48K,XAUUSD
10-11-2021,1835.7,1872.8,1825.2,1850.6,73.44K,XAUUSD
11-11-2021,1853.9,1870.8,1847.6,1866.3,47.68K,XAUUSD
12-11-2021,1866.3,1873.3,1849.9,1870.8,28.48K,XAUUSD
15-11-2021,1876.3,1876.3,1861,1869.2,87.36K,XAUUSD
16-11-2021,1867.4,1881.9,1853.5,1856.7,24.65K,XAUUSD
17-11-2021,1854.5,1873.1,1853.8,1872.8,34.03K,XAUUSD
18-11-2021,1871.7,1875.9,1859.4,1864,50.58K,XAUUSD
19-11-2021,1863.8,1870.5,1847,1854.3,62.34K,XAUUSD
22-11-2021,1850.7,1853,1805.3,1809.1,140.29K,XAUUSD
23-11-2021,1808.7,1815.2,1784.3,1786.3,150.81K,XAUUSD
24-11-2021,1792.3,1798.8,1780.2,1786.9,103.43K,XAUUSD
25-11-2021,1789.8,1795.3,1787.75,1792.4,-,XAUUSD
26-11-2021,1792.3,1819.3,1781.6,1788.1,180.64K,XAUUSD
29-11-2021,1795.2,1801.5,1782,1785.2,151.37K,XAUUSD
30-11-2021,1786.9,1811.4,1771.2,1776.5,242.86K,XAUUSD
01-12-2021,1777.4,1795.7,1773.7,1784.3,180.34K,XAUUSD
02-12-2021,1783.8,1785.2,1762.2,1762.7,172.72K,XAUUSD
03-12-2021,1769.4,1788,1766,1783.9,-,XAUUSD
05-12-2021,1784.45,1789.1,1781.6,1783.8,-,XAUUSD
06-12-2021,1783.85,1788.3,1776.65,1778.65,-,XAUUSD
